Workbook
Name ACTION: #REF!

Sheet Cover
C2: TEST CASE
B4: Project Name | C4: Xây dựng hệ thống quản lý kho hàng và bán lẻ cho cửa hàng điện thoại | F4: Creator | G4: Trương Hữu Ngọc Hồ Bảo Toàn Nguyễn Vỹ Nguyên Nguyễn Văn Nhật Quang Trần Quốc Hoàng Anh
B5: Project Code | C5: KH52 | F5: Reviewer/Approver
B6: Document Code | C6: =C5&"_"&"Blackbox testcase"&F9&"v1.0" -> KH52_Blackbox testcasev1.0 | F6: Issue Date | G6: 45758
F7: Version | G7: 1
B10: Record of change
B11: Effective Date | C11: Version | D11: Change Item | E11: *A,D,M | F11: Change description | G11: Reference
B12: 45758 | C12: 1.0 | E12: A | F12: Thêm Usecase Đánh giá & phản hồi và layout của nó. | G12: Blackbox testcase-template
B13: 45849 | C13: 1.0 | E13: M | F13: Bổ sung các màn hình cho các chức năng Bổ sung các case còn thiếu | G13: Blackbox testcase-template
C16: 2.0 | E16: M,D | F16: Bổ sung các màn hình cho các chức năng. Bổ sung các case còn thiếu và xóa bớt một số case dư thừa | G16: Blackbox testcase-template | I16: Add Delete Modify

Sheet Test case List
D1: TEST CASE LIST
B3: Project Name | D3: =Cover!C4 -> Xây dựng hệ thống quản lý kho hàng và bán lẻ cho cửa hàng điện thoại
B4: Project Code | D4: =Cover!C5 -> KH52
B5: Test Environment Setup Description | D5: 1. Apache Tomcat 9 2. Eclipse 3. MySQL 4. Web Browser
B8: No | C8: Function Name | D8: Sheet Name | E8: Description | F8: Pre-Condition
B9: =ROW(C9)-8 -> 1 | C9: Function - Hỗ trợ & khuyến mãi | D9: Hỗ trợ & khuyến mãi | E9: Check GUI và FUNC Hỗ trợ & khuyến mãi cho khách hàng | F9: Tại Menu Ứng dụng: Click [Hỗ trợ & khuyến mãi].
B10: =ROW(C10)-8 -> 2 | C10: Layout Hỗ trợ & khuyến mãi | D10: Layout Hỗ trợ & khuyến mãi | E10: GUI chức năng Hỗ trợ & khuyến mãi cho khách hàng
B11: =ROW(C11)-8 -> 3

Sheet Hỗ trợ & khuyến mãi
A2: Module Code | B2: Hỗ trợ & khuyến mãi
A3: Test requirement | B3: 1. Xem các thông tin về hỗ trợ và chương trình khuyến mãi 2. Nhắn tin giải đáp thắc mắc trực tiếp
A4: Tester | B4: Nguyễn Văn Nhật Quang
A5: Pass | B5: Fail | C5: Untested | D5: N/A | E5: Number of Test cases
A6: =COUNTIF(F11:F1031,"Pass") -> 0 | B6: =COUNTIF(F11:F1031,"Fail") -> 0 | C6: =E6-D6-B6-A6 -> 6 | D6: =COUNTIF(F$11:F$1031,"N/A") -> 0 | E6: =COUNTA(A11:A1031) -> 6
A8: ID | B8: Test Case Description | C8: Test Case Procedure | D8: Expected Output | E8: Inter-test case Dependence | F8: Result | G8: Test date | H8: Note
B9: Function : Hỗ trợ & khuyến mãi
B10: Check GUI- Hỗ trợ & khuyến mãi
A11: GUI-Support-01 | B11: [Result] Labels | C11: [Tên khuyến mãi] Label | D11: Lấy dữ liệu từ cột Tên khuyễn mãi trong bảng Khuyến mãi
A12: GUI-Support-02 | B12: [Result] Labels | C12: [Hotline] Label
C13: [Email] Label
A14: GUI-Support-03 | B14: [Result] Labels | C14: [Chính sách bảo hành] Label
A15: GUI-Support-04 | B15: [Result] Labels | C15: [Câu hỏi thường gặp] Label
A16: GUI-Support-05 | B16: [Live chat] Button | C16: Hiển thì màn hình live chat
B17: Check FUNC-Đánh giá & phản hồi
A18: FUNC-Support-01 | B18: Hiển thị màn hình live chat thành công | C18: Tại màn hình Hỗ trợ & khuyến mãi: Click [Live chat]

Sheet Layout Hỗ trợ & khuyến mãi

Sheet Test Report
B1: TEST REPORT
B3: Project Name | C3: =Cover!C4 -> Xây dựng hệ thống quản lý kho hàng và bán lẻ cho cửa hàng điện thoại | E3: Creator | H3: Trương Hữu Ngọc
B4: Project Code | C4: =Cover!C5 -> KH52 | E4: Reviewer/Approver
B5: Document Code | C5: =C4&"_"&"Test Report"&"_"&"v1.0" -> KH52_Test Report_v1.0 | E5: Issue Date | H5: 42836
B6: Notes
B10: No | C10: Module code | D10: Pass | E10: Fail | F10: Untested | G10: N/A | H10: Number of test cases
B11: 1 | C11: Hỗ trợ & khuyễn mãi | D11: ='Hỗ trợ & khuyến mãi'!A6 -> 0 | E11: ='Hỗ trợ & khuyến mãi'!B6 -> 0 | F11: ='Hỗ trợ & khuyến mãi'!C6 -> 6 | G11: ='Hỗ trợ & khuyến mãi'!D6 -> 0 | H11: ='Hỗ trợ & khuyến mãi'!E6 -> 6
B12: 2
B13: 3
B14: 4
C15: Sub total | D15: =SUM(D11:D14) -> 0 | E15: =SUM(E11:E14) -> 0 | F15: =SUM(F11:F14) -> 6 | G15: =SUM(G11:G14) -> 0 | H15: =SUM(H11:H14) -> 6
C17: Test coverage | E17: =(D15+E15)*100/(H15-G15) -> 0 | F17: %
C18: Test successful coverage | E18: =D15*100/(H15-G15) -> 0 | F18: %
